query,page,clicks,impressions,ctr,position
openclaw模型排行,https://kuoo.uk/zh/blog/best-ai-models-for-openclaw/,1,2,0.500000,22.50
! npm install failed for openclaw@latest command:,https://kuoo.uk/en/blog/openclaw-install-first-run-error-troubleshooting/,0,1,0.000000,34.00
"""gateway start blocked"" ""gateway.mode=local""",https://kuoo.uk/en/blog/openclaw-gateway-start-failed-fix-checklist-2026/,0,1,0.000000,11.00
"""openclaw channels status --probe""",https://kuoo.uk/en/,0,3,0.000000,3.33
"""openclaw channels status --probe""",https://kuoo.uk/zh/,0,10,0.000000,7.30
"""openclaw config set gateway.controlui.allowedorigins""",https://kuoo.uk/en/blog/openclaw-gateway-start-failed-fix-checklist-2026/,0,5,0.000000,7.60
"""openclaw doctor --repair""",https://kuoo.uk/en/,0,22,0.000000,4.05
agents.md best practices ai agents,https://kuoo.uk/en/blog/agents-md-team-guide/,0,3,0.000000,1.33
agents.md best practices structure,https://kuoo.uk/en/blog/agents-md-team-guide/,0,1,0.000000,2.00
agents.md standard ai agents,https://kuoo.uk/en/blog/agents-md-team-guide/,0,2,0.000000,2.00
agents.md structure best practices,https://kuoo.uk/en/blog/agents-md-team-guide/,0,2,0.000000,2.00
best ai model for openclaw,https://kuoo.uk/en/blog/best-ai-models-for-openclaw/,0,1,0.000000,83.00
best models for openclaw,https://kuoo.uk/en/blog/best-ai-models-for-openclaw/,0,1,0.000000,67.00
best ollama models for openclaw agent 2026,https://kuoo.uk/en/blog/best-ai-models-for-openclaw/,0,1,0.000000,19.00
best openclaw model,https://kuoo.uk/en/blog/best-ai-models-for-openclaw/,0,1,0.000000,67.00
discord bot token openclaw,https://kuoo.uk/zh/blog/openclaw-discord-bot-setup/,0,1,0.000000,36.00
discord 机器人 openclaw,https://kuoo.uk/zh/blog/openclaw-discord-bot-setup/,0,1,0.000000,50.00
failed to install @openclaw/feishu: npm install failed:,https://kuoo.uk/en/blog/openclaw-install-first-run-error-troubleshooting/,0,1,0.000000,49.00
gemini ai基础设施,https://kuoo.uk/en/,0,1,0.000000,83.00
gemini ai基础设施,https://kuoo.uk/zh/,0,1,0.000000,28.00
macos npm install failed for openclaw@latest,https://kuoo.uk/en/blog/openclaw-install-first-run-error-troubleshooting/,0,1,0.000000,42.00
npm install failed for openclaw@latest,https://kuoo.uk/en/blog/openclaw-install-first-run-error-troubleshooting/,0,2,0.000000,42.00
"openclaw ""channels status --probe""",https://kuoo.uk/en/,0,17,0.000000,2.94
"openclaw ""channels status --probe""",https://kuoo.uk/zh/,0,11,0.000000,8.36
"openclaw ""gateway start blocked"" ""gateway.mode""",https://kuoo.uk/en/blog/openclaw-gateway-start-failed-fix-checklist-2026/,0,1,0.000000,9.00
"openclaw ""gateway start blocked"" ""gateway.mode=local""",https://kuoo.uk/en/blog/openclaw-gateway-start-failed-fix-checklist-2026/,0,5,0.000000,9.60
"openclaw ""gateway start blocked"" ""set gateway.mode=local""",https://kuoo.uk/en/blog/openclaw-gateway-start-failed-fix-checklist-2026/,0,2,0.000000,8.50
"openclaw ""gateway start blocked: set gateway.mode=local""",https://kuoo.uk/en/blog/openclaw-gateway-start-failed-fix-checklist-2026/,0,21,0.000000,14.67
"openclaw ""gateway start blocked: set gateway.mode=local"" 2026",https://kuoo.uk/en/blog/openclaw-gateway-start-failed-fix-checklist-2026/,0,2,0.000000,9.50
"openclaw ""gateway start blocked: set gateway.mode=local"" or ""gateway.mode=local""",https://kuoo.uk/en/blog/openclaw-gateway-start-failed-fix-checklist-2026/,0,1,0.000000,19.00
"openclaw ""gateway.mode=local""",https://kuoo.uk/en/blog/openclaw-gateway-start-failed-fix-checklist-2026/,0,1,0.000000,8.00
"openclaw ""gateway.mode=local"" or ""gateway start blocked"" or ""set gateway.mode=local""",https://kuoo.uk/en/blog/openclaw-gateway-start-failed-fix-checklist-2026/,0,3,0.000000,20.00
"openclaw ""openclaw channels status --probe""",https://kuoo.uk/en/,0,6,0.000000,3.00
"openclaw ""openclaw channels status --probe""",https://kuoo.uk/zh/,0,1,0.000000,7.00
"openclaw ""openclaw doctor --repair""",https://kuoo.uk/en/,0,8,0.000000,6.25
"openclaw ""openclaw doctor --repair"" what does it do",https://kuoo.uk/en/,0,5,0.000000,5.00
"openclaw ""set gateway.mode=local""",https://kuoo.uk/en/blog/openclaw-gateway-start-failed-fix-checklist-2026/,0,1,0.000000,9.00
openclaw 18789 not found,https://kuoo.uk/en/blog/openclaw-install-first-run-error-troubleshooting/,0,1,0.000000,43.00
openclaw 18790,https://kuoo.uk/en/blog/openclaw-clawhub-skill-security-guide/,0,1,0.000000,44.00
"openclaw 2026 ""gateway start blocked: set gateway.mode=local""",https://kuoo.uk/en/blog/openclaw-gateway-start-failed-fix-checklist-2026/,0,1,0.000000,10.00
openclaw 401 user not found,https://kuoo.uk/en/blog/openclaw-install-first-run-error-troubleshooting/,0,1,0.000000,44.00
openclaw ai 推荐模型 2026,https://kuoo.uk/zh/blog/best-ai-models-for-openclaw/,0,3,0.000000,7.00
openclaw best model,https://kuoo.uk/en/blog/best-ai-models-for-openclaw/,0,1,0.000000,66.00
openclaw discord bot 配置教程,https://kuoo.uk/zh/blog/openclaw-discord-bot-setup/,0,1,0.000000,20.00
openclaw discord 教程,https://kuoo.uk/zh/blog/openclaw-discord-bot-setup/,0,1,0.000000,25.00
openclaw discord 机器人,https://kuoo.uk/zh/blog/openclaw-discord-bot-setup/,0,2,0.000000,15.50
openclaw discord配置,https://kuoo.uk/zh/blog/openclaw-discord-bot-setup/,0,1,0.000000,49.00
"openclaw gateway ""gateway start blocked: set gateway.mode=local""",https://kuoo.uk/en/blog/openclaw-gateway-start-failed-fix-checklist-2026/,0,9,0.000000,15.33
"openclaw gateway ""set gateway.mode=local"" or ""gateway start blocked: set gateway.mode=local""",https://kuoo.uk/en/blog/openclaw-gateway-start-failed-fix-checklist-2026/,0,1,0.000000,18.00
"openclaw gateway ""set gateway.mode=local"" or ""gateway.mode=local"" or ""gateway start blocked""",https://kuoo.uk/en/blog/openclaw-gateway-start-failed-fix-checklist-2026/,0,1,0.000000,20.00
"openclaw gateway ""set gateway.mode=local"" or ""gateway.mode=local"" or ""gateway start blocked: set gateway.mode=local""",https://kuoo.uk/en/blog/openclaw-gateway-start-failed-fix-checklist-2026/,0,1,0.000000,19.00
"openclaw gateway start blocked ""gateway.mode=local""",https://kuoo.uk/en/blog/openclaw-gateway-start-failed-fix-checklist-2026/,0,2,0.000000,10.00
openclaw gateway start blocked set gateway.mode=local or pass --allow-unconfigured,https://kuoo.uk/zh/blog/openclaw-gateway-start-failed-fix-checklist-2026/,0,1,0.000000,11.00
openclaw gateway 安装失败,https://kuoo.uk/zh/blog/openclaw-install-first-run-error-troubleshooting/,0,1,0.000000,19.00
"openclaw gateway.mode local ""gateway start blocked""",https://kuoo.uk/en/blog/openclaw-gateway-start-failed-fix-checklist-2026/,0,3,0.000000,14.00
"openclaw gateway.mode=local ""gateway start blocked""",https://kuoo.uk/en/blog/openclaw-gateway-start-failed-fix-checklist-2026/,0,6,0.000000,16.83
"openclaw gateway.mode=local ""gateway start blocked: set gateway.mode=local""",https://kuoo.uk/en/blog/openclaw-gateway-start-failed-fix-checklist-2026/,0,1,0.000000,7.00
openclaw http 401 invalid authentication,https://kuoo.uk/en/blog/openclaw-install-first-run-error-troubleshooting/,0,1,0.000000,47.00
openclaw install not working,https://kuoo.uk/en/blog/openclaw-install-first-run-error-troubleshooting/,0,1,0.000000,45.00
openclaw installation failed npm install openclaw@latest 2026,https://kuoo.uk/en/blog/openclaw-install-first-run-error-troubleshooting/,0,1,0.000000,20.00
openclaw models list,https://kuoo.uk/en/blog/best-ai-models-for-openclaw/,0,1,0.000000,92.00
openclaw node.exe npm error code 1,https://kuoo.uk/en/blog/openclaw-install-first-run-error-troubleshooting/,0,1,0.000000,46.00
openclaw not installing,https://kuoo.uk/en/blog/openclaw-install-first-run-error-troubleshooting/,0,1,0.000000,47.00
"openclaw telegram getupdates conflict 409 ""terminated by other getupdates request""",https://kuoo.uk/en/blog/openclaw-telegram-409-conflict-getupdates-fix-2026/,0,16,0.000000,3.88
openclaw telegram getupdates conflict 409 terminated by other getupdates request,https://kuoo.uk/en/blog/openclaw-telegram-409-conflict-getupdates-fix-2026/,0,1,0.000000,4.00
openclaw timezone,https://kuoo.uk/en/blog/openclaw-2026-3-13-docker-timezone-openclaw-tz/,0,2,0.000000,10.00
openclaw timezone config,https://kuoo.uk/en/blog/openclaw-2026-3-13-docker-timezone-openclaw-tz/,0,1,0.000000,20.00
openclaw unhandled stop reason: network_error,https://kuoo.uk/en/blog/openclaw-install-first-run-error-troubleshooting/,0,1,0.000000,45.00
openclaw unsupported schema node. use raw mode,https://kuoo.uk/en/blog/openclaw-install-first-run-error-troubleshooting/,0,1,0.000000,40.00
openclaw warn npm install failed; showing last log lines,https://kuoo.uk/en/blog/openclaw-install-first-run-error-troubleshooting/,0,1,0.000000,35.00
openclaw 使用 discord,https://kuoo.uk/zh/blog/openclaw-discord-bot-setup/,0,1,0.000000,25.00
openclaw 免费模型推荐 2026,https://kuoo.uk/zh/blog/best-ai-models-for-openclaw/,0,2,0.000000,18.50
openclaw 启动失败,https://kuoo.uk/zh/blog/openclaw-gateway-start-failed-fix-checklist-2026/,0,2,0.000000,31.50
openclaw 大模型排行榜,https://kuoo.uk/zh/blog/best-ai-models-for-openclaw/,0,2,0.000000,16.50
openclaw 如何配置 discord,https://kuoo.uk/zh/blog/openclaw-discord-bot-setup/,0,1,0.000000,28.00
openclaw 当前推荐模型 2026,https://kuoo.uk/zh/blog/best-ai-models-for-openclaw/,0,3,0.000000,7.67
openclaw 性价比最高模型 2026,https://kuoo.uk/zh/blog/best-ai-models-for-openclaw/,0,5,0.000000,15.20
openclaw 性价比最高的模型,https://kuoo.uk/zh/blog/best-ai-models-for-openclaw/,0,1,0.000000,20.00
openclaw 排名,https://kuoo.uk/zh/blog/best-ai-models-for-openclaw/,0,1,0.000000,107.00
openclaw 推荐 ai 模型 2026,https://kuoo.uk/zh/blog/best-ai-models-for-openclaw/,0,3,0.000000,10.00
openclaw 推荐大模型 2026,https://kuoo.uk/zh/blog/best-ai-models-for-openclaw/,0,5,0.000000,11.60
openclaw 推荐模型 2026,https://kuoo.uk/zh/blog/best-ai-models-for-openclaw/,0,38,0.000000,7.21
openclaw 推荐模型 性价比 2026,https://kuoo.uk/zh/blog/best-ai-models-for-openclaw/,0,7,0.000000,5.29
openclaw 支持的模型 2026,https://kuoo.uk/zh/blog/best-ai-models-for-openclaw/,0,5,0.000000,14.00
openclaw 时区设置,https://kuoo.uk/zh/blog/openclaw-2026-3-13-docker-timezone-openclaw-tz/,0,2,0.000000,8.50
openclaw 最佳模型 推荐,https://kuoo.uk/zh/blog/best-ai-models-for-openclaw/,0,5,0.000000,16.60
openclaw 最佳模型 推荐 2026,https://kuoo.uk/zh/blog/best-ai-models-for-openclaw/,0,5,0.000000,7.00
openclaw 模型排名,https://kuoo.uk/zh/blog/best-ai-models-for-openclaw/,0,4,0.000000,20.75
openclaw 模型排行,https://kuoo.uk/zh/blog/best-ai-models-for-openclaw/,0,1,0.000000,24.00
openclaw 模型推荐 2026,https://kuoo.uk/zh/blog/best-ai-models-for-openclaw/,0,3,0.000000,8.33
openclaw 绑定discord,https://kuoo.uk/zh/blog/openclaw-discord-bot-setup/,0,1,0.000000,32.00
openclaw.ai err_ssl_protocol_error,https://kuoo.uk/en/blog/openclaw-install-first-run-error-troubleshooting/,0,1,0.000000,48.00
openclaw_tz,https://kuoo.uk/en/blog/openclaw-2026-3-13-docker-timezone-openclaw-tz/,0,3,0.000000,4.67
openclaw大模型排行榜,https://kuoo.uk/zh/blog/best-ai-models-for-openclaw/,0,1,0.000000,20.00
openclaw模型排名,https://kuoo.uk/zh/blog/best-ai-models-for-openclaw/,0,6,0.000000,18.50
openclaw用什么模型最好,https://kuoo.uk/zh/blog/best-ai-models-for-openclaw/,0,1,0.000000,27.00
openclaw配置discord,https://kuoo.uk/zh/blog/openclaw-discord-bot-setup/,0,1,0.000000,29.00
telegram bot 409 conflict terminated by other getupdates request,https://kuoo.uk/en/blog/openclaw-telegram-409-conflict-getupdates-fix-2026/,0,1,0.000000,8.00
今日科技新闻 2026年4月2日,https://kuoo.uk/zh/blog/openclaw-daily-2026-03-13/,0,7,0.000000,16.43
