page,clicks,impressions,ctr,position
https://kuoo.uk/zh/blog/openclaw-2026-3-13-docker-timezone-openclaw-tz/,4,18,0.222222,4.78
https://kuoo.uk/en/blog/openclaw-2026-3-13-docker-timezone-openclaw-tz/,1,197,0.005076,7.61
https://kuoo.uk/zh/blog/best-ai-models-for-openclaw/,1,288,0.003472,11.40
https://kuoo.uk/zh/blog/openclaw-daily-2026-02-28/,1,2,0.500000,10.00
https://kuoo.uk/zh/blog/openclaw-delivery-reliability-silent-loss-replay-fix-2026/,1,8,0.125000,14.75
https://kuoo.uk/zh/blog/openclaw-install-first-run-error-troubleshooting/,1,14,0.071429,8.57
https://kuoo.uk/,0,2,0.000000,1.50
https://kuoo.uk/blog/openclaw-vps-deployment-complete-guide,0,6,0.000000,4.67
https://kuoo.uk/en/,0,155,0.000000,4.59
https://kuoo.uk/en/blog/agents-md-team-guide/,0,408,0.000000,3.20
https://kuoo.uk/en/blog/best-ai-models-for-openclaw/,0,9,0.000000,47.22
https://kuoo.uk/en/blog/openclaw-clawhub-skill-security-guide/,0,6,0.000000,28.17
https://kuoo.uk/en/blog/openclaw-daily-2026-02-26/,0,2,0.000000,7.50
https://kuoo.uk/en/blog/openclaw-daily-2026-03-05/,0,1,0.000000,10.00
https://kuoo.uk/en/blog/openclaw-daily-2026-03-11/,0,1,0.000000,23.00
https://kuoo.uk/en/blog/openclaw-daily-2026-03-15/,0,1,0.000000,6.00
https://kuoo.uk/en/blog/openclaw-daily-2026-03-16/,0,2,0.000000,4.50
https://kuoo.uk/en/blog/openclaw-daily-2026-04-04/,0,2,0.000000,5.00
https://kuoo.uk/en/blog/openclaw-delivery-reliability-silent-loss-replay-fix-2026/,0,18,0.000000,10.06
https://kuoo.uk/en/blog/openclaw-discord-bot-setup/,0,2,0.000000,3.50
https://kuoo.uk/en/blog/openclaw-gateway-start-failed-fix-checklist-2026/,0,240,0.000000,9.85
https://kuoo.uk/en/blog/openclaw-install-first-run-error-troubleshooting/,0,260,0.000000,13.06
https://kuoo.uk/en/blog/openclaw-ollama-local-deployment/,0,145,0.000000,6.97
https://kuoo.uk/en/blog/openclaw-proxy-config-troubleshooting/,0,16,0.000000,5.81
https://kuoo.uk/en/blog/openclaw-security-hardening-2026/,0,2,0.000000,5.50
https://kuoo.uk/en/blog/openclaw-telegram-409-conflict-getupdates-fix-2026/,0,50,0.000000,4.52
https://kuoo.uk/en/blog/openclaw-vps-deployment-complete-guide/,0,3,0.000000,3.33
https://kuoo.uk/en/blog/openclaw-vs-chatgpt-vs-claude/,0,4,0.000000,8.50
https://kuoo.uk/en/blog/openclaw-weekly-2026-02-23-to-2026-03-01/,0,3,0.000000,6.00
https://kuoo.uk/en/blog/tag/browser-relay/,0,6,0.000000,4.00
https://kuoo.uk/en/blog/tag/troubleshooting/,0,34,0.000000,8.59
https://kuoo.uk/en/blog/telegram-ai-automation-for-business-playbook/,0,1,0.000000,4.00
https://kuoo.uk/zh/,0,41,0.000000,6.95
https://kuoo.uk/zh/blog/agents-md-team-guide/,0,1,0.000000,13.00
https://kuoo.uk/zh/blog/openclaw-clawhub-skill-security-guide/,0,7,0.000000,10.86
https://kuoo.uk/zh/blog/openclaw-daily-2026-02-23/,0,2,0.000000,2.00
https://kuoo.uk/zh/blog/openclaw-daily-2026-02-26/,0,1,0.000000,10.00
https://kuoo.uk/zh/blog/openclaw-daily-2026-03-03/,0,2,0.000000,14.50
https://kuoo.uk/zh/blog/openclaw-daily-2026-03-05/,0,6,0.000000,5.67
https://kuoo.uk/zh/blog/openclaw-daily-2026-03-06/,0,4,0.000000,7.00
https://kuoo.uk/zh/blog/openclaw-daily-2026-03-11/,0,2,0.000000,2.00
https://kuoo.uk/zh/blog/openclaw-daily-2026-03-13/,0,35,0.000000,10.97
https://kuoo.uk/zh/blog/openclaw-daily-2026-03-15/,0,6,0.000000,8.00
https://kuoo.uk/zh/blog/openclaw-daily-2026-03-16/,0,3,0.000000,4.67
https://kuoo.uk/zh/blog/openclaw-daily-2026-04-04/,0,20,0.000000,7.30
https://kuoo.uk/zh/blog/openclaw-discord-bot-setup/,0,87,0.000000,19.37
https://kuoo.uk/zh/blog/openclaw-gateway-start-failed-fix-checklist-2026/,0,129,0.000000,10.65
https://kuoo.uk/zh/blog/openclaw-vps-deployment-complete-guide/,0,11,0.000000,10.18
https://kuoo.uk/zh/blog/openclaw-vs-chatgpt-vs-claude/,0,2,0.000000,34.50
https://kuoo.uk/zh/blog/tag/%E6%8E%92%E9%94%99/,0,1,0.000000,10.00
https://kuoo.uk/zh/blog/tag/clawhub/,0,1,0.000000,6.00
https://kuoo.uk/zh/blog/tag/fallback/,0,1,0.000000,7.00
https://kuoo.uk/zh/blog/tag/supply-chain/,0,1,0.000000,3.00
https://kuoo.uk/zh/blog/tag/troubleshooting/,0,6,0.000000,6.33
